DELETE FROM ALBUM_BASIC ;
INSERT INTO ALBUM_BASIC(ALBUM_CODE,ALBUM_TITLE,ALBUM_ARTIST,ALBUM_LANGUAGE,ALBUM_ISSUE_DATE,ALBUM_ISSUE_COMPANY,ALBUM_GENRE,ALBUM_COVER_PHOTO,REMARK,CREATE_AUTHOR,CREATE_DATETIME,UPDATE_AUTHOR,UPDATE_DATETIME) VALUES (1,'RUMORS','Fleetwood Mac','EN',null,null,'Folk',null,null,null,null,null,current_timestamp()) ;
INSERT INTO ALBUM_BASIC(ALBUM_CODE,ALBUM_TITLE,ALBUM_ARTIST,ALBUM_LANGUAGE,ALBUM_ISSUE_DATE,ALBUM_ISSUE_COMPANY,ALBUM_GENRE,ALBUM_COVER_PHOTO,REMARK,CREATE_AUTHOR,CREATE_DATETIME,UPDATE_AUTHOR,UPDATE_DATETIME) VALUES (2,'Communique','Dire Straits','EN',null,null,'Folk',null,null,null,null,null,current_timestamp()) ;
INSERT INTO ALBUM_BASIC(ALBUM_CODE,ALBUM_TITLE,ALBUM_ARTIST,ALBUM_LANGUAGE,ALBUM_ISSUE_DATE,ALBUM_ISSUE_COMPANY,ALBUM_GENRE,ALBUM_COVER_PHOTO,REMARK,CREATE_AUTHOR,CREATE_DATETIME,UPDATE_AUTHOR,UPDATE_DATETIME) VALUES (3,'Love Over Gold','Dire Straits','EN',null,null,'Folk',null,null,null,null,null,current_timestamp()) ;
INSERT INTO ALBUM_BASIC(ALBUM_CODE,ALBUM_TITLE,ALBUM_ARTIST,ALBUM_LANGUAGE,ALBUM_ISSUE_DATE,ALBUM_ISSUE_COMPANY,ALBUM_GENRE,ALBUM_COVER_PHOTO,REMARK,CREATE_AUTHOR,CREATE_DATETIME,UPDATE_AUTHOR,UPDATE_DATETIME) VALUES (4,'Emotion & Commotion','Jeff Beck','EN',null,null,null,null,null,null,null,null,current_timestamp()) ;

DELETE FROM ALBUM_TRACK ;
INSERT INTO ALBUM_TRACK(ALBUM_CODE,TRACK_NO,TRACK_NAME,REMARK,CREATE_AUTHOR,CREATE_DATETIME,UPDATE_AUTHOR,UPDATE_DATETIME) VALUES (3,1,'Telegraph Road',null,null,null,null,current_timestamp()) ;
INSERT INTO ALBUM_TRACK(ALBUM_CODE,TRACK_NO,TRACK_NAME,REMARK,CREATE_AUTHOR,CREATE_DATETIME,UPDATE_AUTHOR,UPDATE_DATETIME) VALUES (3,2,'Private Investigations',null,null,null,null,current_timestamp()) ;
INSERT INTO ALBUM_TRACK(ALBUM_CODE,TRACK_NO,TRACK_NAME,REMARK,CREATE_AUTHOR,CREATE_DATETIME,UPDATE_AUTHOR,UPDATE_DATETIME) VALUES (3,3,'Love Over Gold',null,null,null,null,current_timestamp()) ;
INSERT INTO ALBUM_TRACK(ALBUM_CODE,TRACK_NO,TRACK_NAME,REMARK,CREATE_AUTHOR,CREATE_DATETIME,UPDATE_AUTHOR,UPDATE_DATETIME) VALUES (3,4,'It Never Rains',null,null,null,null,current_timestamp()) ;
INSERT INTO ALBUM_TRACK(ALBUM_CODE,TRACK_NO,TRACK_NAME,REMARK,CREATE_AUTHOR,CREATE_DATETIME,UPDATE_AUTHOR,UPDATE_DATETIME) VALUES (3,5,'Industrial Disease',null,null,null,null,current_timestamp()) ;
INSERT INTO ALBUM_TRACK(ALBUM_CODE,TRACK_NO,TRACK_NAME,REMARK,CREATE_AUTHOR,CREATE_DATETIME,UPDATE_AUTHOR,UPDATE_DATETIME) VALUES (4,1,'I Put A Spell On You',null,null,null,null,current_timestamp()) ;
INSERT INTO ALBUM_TRACK(ALBUM_CODE,TRACK_NO,TRACK_NAME,REMARK,CREATE_AUTHOR,CREATE_DATETIME,UPDATE_AUTHOR,UPDATE_DATETIME) VALUES (4,2,'Hammerhead',null,null,null,null,current_timestamp()) ;
INSERT INTO ALBUM_TRACK(ALBUM_CODE,TRACK_NO,TRACK_NAME,REMARK,CREATE_AUTHOR,CREATE_DATETIME,UPDATE_AUTHOR,UPDATE_DATETIME) VALUES (4,3,'Somewhere Over The Rainbow',null,null,null,null,current_timestamp()) ;
INSERT INTO ALBUM_TRACK(ALBUM_CODE,TRACK_NO,TRACK_NAME,REMARK,CREATE_AUTHOR,CREATE_DATETIME,UPDATE_AUTHOR,UPDATE_DATETIME) VALUES (4,4,'There s No Other Me',null,null,null,null,current_timestamp()) ;

DELETE FROM ALBUM_CONTRIBUTOR ;
INSERT INTO ALBUM_CONTRIBUTOR(ALBUM_CODE,CONTRIBUTOR,CONTRIBUTED_TRACK,REMARK,CREATE_AUTHOR,CREATE_DATETIME,UPDATE_AUTHOR,UPDATE_DATETIME) VALUES (4,'Joss Stone','I Put A Spell On You',null,null,null,null,current_timestamp()) ;
INSERT INTO ALBUM_CONTRIBUTOR(ALBUM_CODE,CONTRIBUTOR,CONTRIBUTED_TRACK,REMARK,CREATE_AUTHOR,CREATE_DATETIME,UPDATE_AUTHOR,UPDATE_DATETIME) VALUES (4,'Joss Stone','There s No Other Me featuring Joss Stone',null,null,null,null,current_timestamp()) ;


DELETE FROM UME_ROLE ;
INSERT INTO UME_ROLE(ROLE_ID,ROLE_NAME,ROLE_DESC,CREATE_AUTHOR,CREATE_DATETIME,UPDATE_AUTHOR,UPDATE_DATETIME) VALUES ('Administrators','管理员','权限仅次于超级用户','admin',null,'admin',current_timestamp()) ;
INSERT INTO UME_ROLE(ROLE_ID,ROLE_NAME,ROLE_DESC,CREATE_AUTHOR,CREATE_DATETIME,UPDATE_AUTHOR,UPDATE_DATETIME) VALUES ('Guests','访客','访客','admin',null,'admin',current_timestamp()) ;

DELETE FROM UME_ROLE_ACL ;
INSERT INTO UME_ROLE_ACL(ROLE_ID,ACC_RES_ID,ACC_RES_TYPE,ACC_LEVEL,CREATE_AUTHOR,CREATE_DATETIME,UPDATE_AUTHOR,UPDATE_DATETIME) VALUES ('Administrators','*',0,4,'admin',null,'admin',current_timestamp()) ;
INSERT INTO UME_ROLE_ACL(ROLE_ID,ACC_RES_ID,ACC_RES_TYPE,ACC_LEVEL,CREATE_AUTHOR,CREATE_DATETIME,UPDATE_AUTHOR,UPDATE_DATETIME) VALUES ('Guests','*',0,1,'admin',null,'admin',current_timestamp()) ;

DELETE FROM UME_USER ;
INSERT INTO UME_USER(USER_ID,USER_NAME,USER_PASSWORD,USER_MOBILE,USER_EMAIL,USER_STATUS,CREATE_AUTHOR,CREATE_DATETIME,UPDATE_AUTHOR,UPDATE_DATETIME) VALUES ('admin','系统管理员','8ddcff3a80f4189ca1c9d4d902c3c909','18600000001','sample-admin@gmail.com',1,'admin',current_timestamp(),'admin',current_timestamp()) ;
INSERT INTO UME_USER(USER_ID,USER_NAME,USER_PASSWORD,USER_MOBILE,USER_EMAIL,USER_STATUS,CREATE_AUTHOR,CREATE_DATETIME,UPDATE_AUTHOR,UPDATE_DATETIME) VALUES ('guest','访客','8ddcff3a80f4189ca1c9d4d902c3c909','18600000002','sample-guest@gmail.com',1,'admin',current_timestamp(),'admin',current_timestamp()) ;

DELETE FROM UME_USER_ROLE ;
INSERT INTO UME_USER_ROLE(USER_ID,ROLE_ID,CREATE_AUTHOR,CREATE_DATETIME,UPDATE_AUTHOR,UPDATE_DATETIME) VALUES ('admin','Administrators','admin',null,'admin',current_timestamp()) ;
INSERT INTO UME_USER_ROLE(USER_ID,ROLE_ID,CREATE_AUTHOR,CREATE_DATETIME,UPDATE_AUTHOR,UPDATE_DATETIME) VALUES ('admin','Guests','admin',null,'admin',current_timestamp()) ;
INSERT INTO UME_USER_ROLE(USER_ID,ROLE_ID,CREATE_AUTHOR,CREATE_DATETIME,UPDATE_AUTHOR,UPDATE_DATETIME) VALUES ('guest','Guests','admin',null,'admin',current_timestamp()) ;

COMMIT;





